id_cliente,apellido_nombre,sucursal,scoring_interno,monto_solicitado,provincia
1001,Romero Luis,Alta-Gracia,634,1371544,Cordoba
1002,Sosa Carlos,Cordoba-Centro,444,723697,Cordoba
1003,Garcia Luis,Cordoba-Centro,265,780562,Cordoba
1004,Martinez Ana,Rio-Cuarto,424,1475448,Cordoba
1005,Garcia Juan,Carlos-Paz,818,1452840,Cordoba
1006,Sosa Luis,San-Francisco,903,1226236,Cordoba
1007,Sanchez Jose,Alta-Gracia,407,1918171,Cordoba
1008,Romero Lucia,San-Francisco,690,144033,Cordoba
1009,Alvarez Lucia,Alta-Gracia,512,343968,Cordoba
1010,Lopez Elena,Villa-Maria,336,1280333,Cordoba
1011,Sanchez Juan,Rio-Cuarto,431,1078388,Cordoba
1012,Sosa Jose,Cordoba-Centro,901,843655,Cordoba
1013,Garcia Lucia,Villa-Maria,911,788432,Cordoba
1014,Sanchez Ana,Alta-Gracia,340,676914,Cordoba
1015,Sosa Elena,Villa-Maria,417,1155464,Cordoba
1016,Rodriguez Luis,Alta-Gracia,237,1034633,Cordoba
1017,Sosa Luis,Villa-Maria,586,218341,Cordoba
1018,Perez Luis,Alta-Gracia,631,1957353,Cordoba
1019,Sanchez Lucia,Rio-Cuarto,801,300095,Cordoba
1020,Sanchez Ana,Villa-Maria,560,1058784,Cordoba
1021,Sosa Lucia,Alta-Gracia,321,1730446,Cordoba
1022,Romero Luis,Carlos-Paz,845,1736373,Cordoba
1023,Alvarez Luis,Villa-Maria,387,1169642,Cordoba
1024,Garcia Carlos,Villa-Maria,716,556541,Cordoba
1025,Gonzalez Carlos,Alta-Gracia,866,597590,Cordoba
1026,Romero Jose,San-Francisco,914,1480821,Cordoba
1027,Alvarez Maria,Alta-Gracia,877,1381547,Cordoba
1028,Rodriguez Ana,Alta-Gracia,391,1789694,Cordoba
1029,Lopez Carlos,Cordoba-Centro,755,424980,Cordoba
1030,Perez Maria,San-Francisco,526,575353,Cordoba
1031,Romero Jose,Alta-Gracia,422,107869,Cordoba
1032,Lopez Ana,Cordoba-Centro,426,573994,Cordoba
1033,Sosa Juan,Alta-Gracia,890,1788812,Cordoba
1034,Romero Diego,Carlos-Paz,401,883327,Cordoba
1035,Gonzalez Maria,San-Francisco,677,152583,Cordoba
1036,Sosa Diego,Villa-Maria,761,128271,Cordoba
1037,Sanchez Maria,Cordoba-Centro,465,1988835,Cordoba
1038,Martinez Diego,Villa-Maria,898,1310282,Cordoba
1039,Rodriguez Juan,Rio-Cuarto,214,1047153,Cordoba
1040,Alvarez Luis,Carlos-Paz,236,1723889,Cordoba
1041,Lopez Carlos,Villa-Maria,252,326454,Cordoba
1042,Garcia Lucia,Cordoba-Centro,558,908341,Cordoba
1043,Lopez Lucia,Villa-Maria,706,1236054,Cordoba
1044,Sanchez Carlos,Cordoba-Centro,473,287486,Cordoba
1045,Martinez Juan,San-Francisco,539,1200091,Cordoba
1046,Romero Diego,Villa-Maria,659,605811,Cordoba
1047,Sosa Ana,Alta-Gracia,584,553613,Cordoba
1048,Martinez Ana,Cordoba-Centro,830,806072,Cordoba
1049,Martinez Jose,San-Francisco,938,1912190,Cordoba
1050,Romero Jose,Cordoba-Centro,544,236441,Cordoba
1051,Rodriguez Juan,Alta-Gracia,940,1396194,Cordoba
1052,Martinez Diego,Rio-Cuarto,707,257836,Cordoba
1053,Romero Juan,Carlos-Paz,445,1726294,Cordoba
1054,Sanchez Luis,San-Francisco,777,145037,Cordoba
1055,Sosa Juan,Rio-Cuarto,683,1921862,Cordoba
1056,Alvarez Elena,Villa-Maria,481,576721,Cordoba
1057,Sanchez Lucia,San-Francisco,607,192924,Cordoba
1058,Sanchez Sofia,Rio-Cuarto,208,1555147,Cordoba
1059,Garcia Diego,San-Francisco,274,1762624,Cordoba
1060,Alvarez Elena,San-Francisco,872,1734424,Cordoba
1061,Rodriguez Elena,Villa-Maria,738,1474313,Cordoba
1062,Gonzalez Carlos,Cordoba-Centro,414,1521491,Cordoba
1063,Sosa Luis,San-Francisco,361,1795825,Cordoba
1064,Perez Ana,Rio-Cuarto,356,1070719,Cordoba
1065,Gonzalez Jose,San-Francisco,552,1040838,Cordoba
1066,Sanchez Jose,Rio-Cuarto,230,200909,Cordoba
1067,Lopez Carlos,Villa-Maria,539,1816550,Cordoba
1068,Perez Diego,Alta-Gracia,546,1669008,Cordoba
1069,Martinez Sofia,San-Francisco,592,450986,Cordoba
1070,Garcia Juan,Villa-Maria,476,1596519,Cordoba
1071,Garcia Juan,Rio-Cuarto,407,139540,Cordoba
1072,Martinez Carlos,San-Francisco,866,567158,Cordoba
1073,Gonzalez Ana,Villa-Maria,784,1719791,Cordoba
1074,Gonzalez Maria,Rio-Cuarto,433,1883449,Cordoba
1075,Lopez Maria,Alta-Gracia,531,1721228,Cordoba
1076,Rodriguez Elena,Cordoba-Centro,473,172418,Cordoba
1077,Sosa Jose,Carlos-Paz,645,1608610,Cordoba
1078,Alvarez Jose,Villa-Maria,580,364808,Cordoba
1079,Alvarez Sofia,Rio-Cuarto,444,1050680,Cordoba
1080,Martinez Maria,Cordoba-Centro,334,595568,Cordoba
1081,Martinez Jose,Rio-Cuarto,428,1615335,Cordoba
1082,Lopez Diego,Carlos-Paz,502,350309,Cordoba
1083,Alvarez Jose,Carlos-Paz,889,1593766,Cordoba
1084,Sosa Carlos,Carlos-Paz,349,315521,Cordoba
1085,Rodriguez Luis,Carlos-Paz,224,390649,Cordoba
1086,Garcia Carlos,San-Francisco,660,989034,Cordoba
1087,Alvarez Maria,Carlos-Paz,846,1898352,Cordoba
1088,Garcia Juan,Rio-Cuarto,515,1750323,Cordoba
1089,Perez Carlos,Alta-Gracia,648,1456317,Cordoba
1090,Gonzalez Elena,Villa-Maria,918,1992284,Cordoba
1091,Alvarez Ana,San-Francisco,774,1862406,Cordoba
1092,Garcia Lucia,Villa-Maria,302,1990035,Cordoba
1093,Sanchez Lucia,Carlos-Paz,429,1157043,Cordoba
1094,Rodriguez Elena,Rio-Cuarto,432,1448800,Cordoba
1095,Lopez Luis,Villa-Maria,200,1264810,Cordoba
1096,Garcia Ana,Cordoba-Centro,868,236586,Cordoba
1097,Gonzalez Juan,Villa-Maria,870,1436177,Cordoba
1098,Gonzalez Lucia,Carlos-Paz,435,831623,Cordoba
1099,Rodriguez Juan,Carlos-Paz,507,187188,Cordoba
1100,Perez Luis,San-Francisco,633,1218114,Cordoba
1101,Romero Juan,Alta-Gracia,574,844807,Cordoba
1102,Sosa Jose,Carlos-Paz,922,1916393,Cordoba
1103,Alvarez Juan,Rio-Cuarto,704,330698,Cordoba
1104,Lopez Maria,Rio-Cuarto,600,230317,Cordoba
1105,Perez Juan,Alta-Gracia,290,762542,Cordoba
1106,Martinez Maria,Carlos-Paz,259,245309,Cordoba
1107,Garcia Carlos,San-Francisco,730,1579098,Cordoba
1108,Rodriguez Luis,Villa-Maria,906,1803873,Cordoba
1109,Alvarez Elena,San-Francisco,644,1430751,Cordoba
1110,Lopez Ana,San-Francisco,277,286324,Cordoba
1111,Garcia Lucia,San-Francisco,770,811142,Cordoba
1112,Garcia Ana,San-Francisco,303,1163904,Cordoba
1113,Lopez Jose,San-Francisco,508,1848099,Cordoba
1114,Rodriguez Maria,Cordoba-Centro,651,1267818,Cordoba
1115,Lopez Carlos,Rio-Cuarto,457,1988648,Cordoba
1116,Sanchez Maria,San-Francisco,300,1185163,Cordoba
1117,Alvarez Ana,Rio-Cuarto,695,1688590,Cordoba
1118,Lopez Carlos,Cordoba-Centro,308,557936,Cordoba
1119,Martinez Juan,Carlos-Paz,356,1402426,Cordoba
1120,Sosa Juan,Carlos-Paz,826,391305,Cordoba
1121,Garcia Luis,Cordoba-Centro,528,1349788,Cordoba
1122,Lopez Elena,San-Francisco,896,98523,Cordoba
1123,Perez Jose,Alta-Gracia,935,883624,Cordoba
1124,Alvarez Elena,Alta-Gracia,899,990076,Cordoba
1125,Rodriguez Elena,Alta-Gracia,645,1404176,Cordoba
1126,Perez Juan,Villa-Maria,342,1282838,Cordoba
1127,Lopez Lucia,Villa-Maria,258,840957,Cordoba
1128,Lopez Sofia,Cordoba-Centro,503,773979,Cordoba
1129,Lopez Diego,Carlos-Paz,788,1467469,Cordoba
1130,Sanchez Luis,Cordoba-Centro,810,413412,Cordoba
1131,Gonzalez Sofia,San-Francisco,917,1761698,Cordoba
1132,Romero Sofia,Cordoba-Centro,920,1586095,Cordoba
1133,Gonzalez Jose,Carlos-Paz,503,637982,Cordoba
1134,Martinez Sofia,Alta-Gracia,362,1732542,Cordoba
1135,Garcia Sofia,Alta-Gracia,631,1181515,Cordoba
1136,Sanchez Jose,Alta-Gracia,518,942574,Cordoba
1137,Garcia Ana,Carlos-Paz,687,341366,Cordoba
1138,Sosa Maria,Rio-Cuarto,286,1221727,Cordoba
1139,Sanchez Maria,Carlos-Paz,365,565853,Cordoba
1140,Sosa Carlos,Carlos-Paz,404,129871,Cordoba
1141,Lopez Elena,Alta-Gracia,725,722167,Cordoba
1142,Romero Diego,San-Francisco,755,1905632,Cordoba
1143,Lopez Lucia,Rio-Cuarto,444,529634,Cordoba
1144,Martinez Diego,Cordoba-Centro,667,1115846,Cordoba
1145,Romero Jose,Carlos-Paz,722,1046234,Cordoba
1146,Sanchez Ana,San-Francisco,388,738233,Cordoba
1147,Martinez Sofia,Alta-Gracia,228,1156640,Cordoba
1148,Sosa Diego,Carlos-Paz,517,1098539,Cordoba
1149,Garcia Maria,Carlos-Paz,869,1341481,Cordoba
1150,Lopez Diego,Carlos-Paz,880,1249792,Cordoba
1151,Sanchez Juan,San-Francisco,208,223442,Cordoba
1152,Perez Luis,Villa-Maria,428,1373654,Cordoba
1153,Romero Jose,San-Francisco,345,1109332,Cordoba
1154,Lopez Luis,Alta-Gracia,284,1925873,Cordoba
1155,Alvarez Diego,Cordoba-Centro,810,1157736,Cordoba
1156,Martinez Lucia,San-Francisco,764,98047,Cordoba
1157,Garcia Diego,Cordoba-Centro,715,712468,Cordoba
1158,Romero Ana,Villa-Maria,736,1468081,Cordoba
1159,Lopez Maria,Rio-Cuarto,614,777268,Cordoba
1160,Perez Sofia,Carlos-Paz,490,994555,Cordoba
1161,Martinez Elena,San-Francisco,603,359556,Cordoba
1162,Alvarez Lucia,Rio-Cuarto,852,1277937,Cordoba
1163,Rodriguez Ana,Cordoba-Centro,880,179942,Cordoba
1164,Martinez Juan,San-Francisco,235,1850047,Cordoba
1165,Alvarez Jose,Cordoba-Centro,464,1191071,Cordoba
1166,Sosa Carlos,Alta-Gracia,784,339560,Cordoba
1167,Gonzalez Maria,Alta-Gracia,303,674200,Cordoba
1168,Rodriguez Lucia,Villa-Maria,785,1737130,Cordoba
1169,Sanchez Luis,San-Francisco,912,567266,Cordoba
1170,Perez Elena,Villa-Maria,936,1436345,Cordoba
1171,Romero Diego,Villa-Maria,583,1799902,Cordoba
1172,Perez Maria,Villa-Maria,904,1363952,Cordoba
1173,Sanchez Jose,Villa-Maria,678,1146014,Cordoba
1174,Gonzalez Lucia,Villa-Maria,706,1192277,Cordoba
1175,Lopez Juan,Alta-Gracia,623,140086,Cordoba
1176,Gonzalez Sofia,Rio-Cuarto,924,722160,Cordoba
1177,Lopez Elena,Villa-Maria,748,1532042,Cordoba
1178,Lopez Lucia,Cordoba-Centro,605,392828,Cordoba
1179,Garcia Juan,Rio-Cuarto,808,1996932,Cordoba
1180,Gonzalez Sofia,Villa-Maria,453,277177,Cordoba
1181,Sosa Juan,San-Francisco,775,209966,Cordoba
1182,Garcia Maria,Rio-Cuarto,312,1280289,Cordoba
1183,Gonzalez Diego,Alta-Gracia,498,154555,Cordoba
1184,Sanchez Jose,Carlos-Paz,275,1361516,Cordoba
1185,Romero Luis,Rio-Cuarto,733,1007856,Cordoba
1186,Romero Juan,Cordoba-Centro,652,1019859,Cordoba
1187,Perez Maria,Alta-Gracia,776,1001665,Cordoba
1188,Martinez Lucia,San-Francisco,448,428462,Cordoba
1189,Martinez Elena,Alta-Gracia,446,1915799,Cordoba
1190,Romero Lucia,San-Francisco,784,567592,Cordoba
1191,Rodriguez Elena,Cordoba-Centro,474,1101830,Cordoba
1192,Romero Lucia,Carlos-Paz,688,1565305,Cordoba
1193,Perez Diego,San-Francisco,634,406978,Cordoba
1194,Lopez Elena,Rio-Cuarto,850,66471,Cordoba
1195,Sosa Ana,Rio-Cuarto,474,921829,Cordoba
1196,Martinez Jose,San-Francisco,908,1712479,Cordoba
1197,Rodriguez Juan,Villa-Maria,735,1812075,Cordoba
1198,Martinez Sofia,Rio-Cuarto,339,1611279,Cordoba
1199,Rodriguez Elena,Alta-Gracia,720,1764818,Cordoba
1200,Sosa Lucia,Cordoba-Centro,277,116121,Cordoba
1201,Sosa Luis,San-Francisco,864,371368,Cordoba
1202,Lopez Luis,Villa-Maria,948,169471,Cordoba
1203,Martinez Lucia,Alta-Gracia,640,71427,Cordoba
1204,Romero Jose,Cordoba-Centro,942,505032,Cordoba
1205,Gonzalez Juan,Villa-Maria,215,1316002,Cordoba
1206,Lopez Luis,Villa-Maria,337,276384,Cordoba
1207,Perez Elena,Rio-Cuarto,736,1201081,Cordoba
1208,Sanchez Elena,San-Francisco,232,744016,Cordoba
1209,Sanchez Elena,San-Francisco,654,683411,Cordoba
1210,Gonzalez Jose,Carlos-Paz,571,153848,Cordoba
1211,Sosa Diego,Cordoba-Centro,752,1250771,Cordoba
1212,Gonzalez Luis,Rio-Cuarto,523,324643,Cordoba
1213,Garcia Ana,Rio-Cuarto,324,1647289,Cordoba
1214,Martinez Sofia,Alta-Gracia,566,834534,Cordoba
1215,Garcia Diego,Rio-Cuarto,342,279069,Cordoba
1216,Sanchez Luis,Carlos-Paz,381,830978,Cordoba
1217,Rodriguez Elena,Cordoba-Centro,398,1879974,Cordoba
1218,Rodriguez Elena,Alta-Gracia,267,1883659,Cordoba
1219,Alvarez Jose,Alta-Gracia,576,1064475,Cordoba
1220,Gonzalez Carlos,Rio-Cuarto,314,322822,Cordoba
1221,Sanchez Ana,Alta-Gracia,811,539248,Cordoba
1222,Martinez Lucia,San-Francisco,308,704918,Cordoba
1223,Martinez Jose,Rio-Cuarto,326,1483564,Cordoba
1224,Rodriguez Sofia,Carlos-Paz,794,152104,Cordoba
1225,Rodriguez Elena,Carlos-Paz,772,1212191,Cordoba
1226,Alvarez Carlos,Rio-Cuarto,426,1607438,Cordoba
1227,Perez Juan,Carlos-Paz,583,401305,Cordoba
1228,Romero Jose,Carlos-Paz,299,1570642,Cordoba
1229,Romero Carlos,San-Francisco,363,1022056,Cordoba
1230,Rodriguez Lucia,Villa-Maria,278,338343,Cordoba
1231,Sanchez Sofia,San-Francisco,753,1608939,Cordoba
1232,Sanchez Jose,Cordoba-Centro,804,767032,Cordoba
1233,Lopez Sofia,Alta-Gracia,661,408051,Cordoba
1234,Sosa Diego,Rio-Cuarto,929,1521431,Cordoba
1235,Sanchez Ana,San-Francisco,589,930993,Cordoba
1236,Garcia Carlos,Alta-Gracia,429,1044317,Cordoba
1237,Lopez Carlos,Carlos-Paz,444,217538,Cordoba
1238,Perez Sofia,Carlos-Paz,878,1853667,Cordoba
1239,Romero Jose,Carlos-Paz,381,1569618,Cordoba
1240,Sosa Maria,Rio-Cuarto,360,1836491,Cordoba
1241,Sosa Carlos,Rio-Cuarto,718,1256633,Cordoba
1242,Romero Jose,Carlos-Paz,209,1797697,Cordoba
1243,Rodriguez Maria,San-Francisco,714,1565297,Cordoba
1244,Perez Luis,Carlos-Paz,778,968468,Cordoba
1245,Rodriguez Diego,Cordoba-Centro,917,936665,Cordoba
1246,Romero Lucia,Rio-Cuarto,610,997038,Cordoba
1247,Rodriguez Ana,Cordoba-Centro,290,370265,Cordoba
1248,Rodriguez Luis,Alta-Gracia,257,51435,Cordoba
1249,Rodriguez Lucia,Rio-Cuarto,271,390508,Cordoba
1250,Lopez Maria,Carlos-Paz,905,1179258,Cordoba
1251,Romero Luis,Cordoba-Centro,525,956159,Cordoba
1252,Sanchez Luis,Villa-Maria,315,1262796,Cordoba
1253,Sanchez Sofia,Rio-Cuarto,311,463965,Cordoba
1254,Lopez Carlos,Rio-Cuarto,560,856679,Cordoba
1255,Sosa Lucia,Villa-Maria,803,1122751,Cordoba
1256,Rodriguez Juan,Cordoba-Centro,635,1744781,Cordoba
1257,Rodriguez Carlos,Villa-Maria,207,1971727,Cordoba
1258,Sanchez Sofia,Villa-Maria,611,1244674,Cordoba
1259,Gonzalez Ana,San-Francisco,697,1070809,Cordoba
1260,Garcia Jose,Cordoba-Centro,475,439738,Cordoba
1261,Sosa Lucia,Rio-Cuarto,735,1984807,Cordoba
1262,Gonzalez Elena,San-Francisco,636,310525,Cordoba
1263,Lopez Maria,Alta-Gracia,420,1504160,Cordoba
1264,Martinez Maria,Cordoba-Centro,628,1801490,Cordoba
1265,Alvarez Sofia,Cordoba-Centro,425,651307,Cordoba
1266,Rodriguez Carlos,San-Francisco,560,382070,Cordoba
1267,Sanchez Juan,Villa-Maria,382,518550,Cordoba
1268,Lopez Carlos,San-Francisco,521,1277178,Cordoba
1269,Romero Ana,Villa-Maria,212,972037,Cordoba
1270,Perez Diego,Villa-Maria,500,392473,Cordoba
1271,Sanchez Maria,Carlos-Paz,705,431212,Cordoba
1272,Romero Maria,Alta-Gracia,336,1771756,Cordoba
1273,Romero Diego,Villa-Maria,658,483117,Cordoba
1274,Perez Jose,Rio-Cuarto,235,1713070,Cordoba
1275,Perez Jose,Villa-Maria,251,875286,Cordoba
1276,Rodriguez Ana,Alta-Gracia,345,427064,Cordoba
1277,Alvarez Sofia,Cordoba-Centro,406,1187370,Cordoba
1278,Sosa Luis,Villa-Maria,450,943758,Cordoba
1279,Romero Maria,Alta-Gracia,502,303772,Cordoba
1280,Sosa Ana,Cordoba-Centro,884,121302,Cordoba
1281,Romero Maria,Cordoba-Centro,915,60723,Cordoba
1282,Garcia Jose,Villa-Maria,409,1749741,Cordoba
1283,Perez Diego,Carlos-Paz,262,614589,Cordoba
1284,Rodriguez Ana,Rio-Cuarto,604,222842,Cordoba
1285,Sosa Maria,Rio-Cuarto,562,881557,Cordoba
1286,Garcia Lucia,Carlos-Paz,880,109855,Cordoba
1287,Sanchez Juan,Alta-Gracia,261,416385,Cordoba
1288,Sanchez Elena,Alta-Gracia,918,1185872,Cordoba
1289,Gonzalez Carlos,Cordoba-Centro,718,358488,Cordoba
1290,Gonzalez Juan,Rio-Cuarto,557,665966,Cordoba
1291,Sanchez Elena,Carlos-Paz,500,826937,Cordoba
1292,Lopez Elena,Carlos-Paz,286,1983501,Cordoba
1293,Sanchez Luis,Villa-Maria,458,277128,Cordoba
1294,Rodriguez Elena,Cordoba-Centro,715,343609,Cordoba
1295,Garcia Jose,Carlos-Paz,858,482607,Cordoba
1296,Gonzalez Carlos,Villa-Maria,366,558310,Cordoba
1297,Gonzalez Elena,Rio-Cuarto,449,1943333,Cordoba
1298,Perez Lucia,Carlos-Paz,889,1625609,Cordoba
1299,Gonzalez Lucia,Rio-Cuarto,304,774351,Cordoba
1300,Perez Carlos,Rio-Cuarto,913,686484,Cordoba
1301,Lopez Lucia,Cordoba-Centro,288,1531393,Cordoba
1302,Romero Juan,Cordoba-Centro,259,84081,Cordoba
1303,Romero Carlos,Alta-Gracia,918,1707990,Cordoba
1304,Perez Ana,Alta-Gracia,716,1054848,Cordoba
1305,Martinez Maria,Rio-Cuarto,299,1824715,Cordoba
1306,Gonzalez Diego,San-Francisco,373,609539,Cordoba
1307,Alvarez Diego,Villa-Maria,679,222077,Cordoba
1308,Rodriguez Diego,Rio-Cuarto,615,1614564,Cordoba
1309,Perez Ana,San-Francisco,395,1923527,Cordoba
1310,Perez Luis,Villa-Maria,727,1096621,Cordoba
1311,Sanchez Ana,San-Francisco,835,460297,Cordoba
1312,Martinez Juan,Carlos-Paz,499,831704,Cordoba
1313,Alvarez Luis,Cordoba-Centro,816,268045,Cordoba
1314,Alvarez Maria,Villa-Maria,382,1902246,Cordoba
1315,Garcia Jose,Alta-Gracia,291,1890484,Cordoba
1316,Gonzalez Elena,Cordoba-Centro,752,1103658,Cordoba
1317,Alvarez Elena,San-Francisco,795,1510670,Cordoba
1318,Martinez Elena,Villa-Maria,523,755746,Cordoba
1319,Garcia Ana,Villa-Maria,427,1615463,Cordoba
1320,Sosa Maria,San-Francisco,315,1470827,Cordoba
1321,Perez Ana,Villa-Maria,583,1245429,Cordoba
1322,Perez Carlos,Carlos-Paz,811,1981557,Cordoba
1323,Gonzalez Ana,San-Francisco,865,219862,Cordoba
1324,Sosa Maria,Rio-Cuarto,341,1202231,Cordoba
1325,Rodriguez Maria,Cordoba-Centro,321,392640,Cordoba
1326,Sosa Luis,Carlos-Paz,247,1400467,Cordoba
1327,Lopez Lucia,Rio-Cuarto,276,1380804,Cordoba
1328,Rodriguez Juan,Villa-Maria,607,773842,Cordoba
1329,Lopez Carlos,San-Francisco,708,504320,Cordoba
1330,Gonzalez Elena,Alta-Gracia,238,103167,Cordoba
1331,Martinez Ana,Rio-Cuarto,466,587187,Cordoba
1332,Romero Jose,Carlos-Paz,239,1621374,Cordoba
1333,Sosa Carlos,Villa-Maria,853,1046400,Cordoba
1334,Gonzalez Juan,Rio-Cuarto,511,1798699,Cordoba
1335,Sosa Diego,Rio-Cuarto,661,195024,Cordoba
1336,Sanchez Lucia,Cordoba-Centro,396,415087,Cordoba
1337,Garcia Elena,Villa-Maria,566,1816040,Cordoba
1338,Perez Lucia,Carlos-Paz,875,1194535,Cordoba
1339,Perez Elena,San-Francisco,438,129070,Cordoba
1340,Sanchez Sofia,Rio-Cuarto,744,756746,Cordoba
1341,Romero Juan,Carlos-Paz,515,1966139,Cordoba
1342,Lopez Luis,Cordoba-Centro,372,1402107,Cordoba
1343,Sosa Diego,Carlos-Paz,850,293476,Cordoba
1344,Lopez Sofia,Villa-Maria,561,529074,Cordoba
1345,Sosa Carlos,San-Francisco,559,1752729,Cordoba
1346,Martinez Sofia,Alta-Gracia,570,473358,Cordoba
1347,Rodriguez Luis,Cordoba-Centro,211,194552,Cordoba
1348,Sosa Jose,Alta-Gracia,948,444550,Cordoba
1349,Martinez Maria,Rio-Cuarto,394,1298142,Cordoba
1350,Martinez Juan,Villa-Maria,897,1960604,Cordoba
1351,Alvarez Jose,Carlos-Paz,647,1624227,Cordoba
1352,Perez Juan,Cordoba-Centro,924,87494,Cordoba
1353,Sanchez Lucia,Alta-Gracia,287,1904550,Cordoba
1354,Alvarez Lucia,Villa-Maria,850,1503138,Cordoba
1355,Gonzalez Diego,San-Francisco,759,1724675,Cordoba
1356,Sanchez Juan,Cordoba-Centro,935,195494,Cordoba
1357,Sosa Lucia,Villa-Maria,215,1095770,Cordoba
1358,Garcia Ana,Alta-Gracia,371,738315,Cordoba
1359,Gonzalez Maria,Carlos-Paz,272,1178565,Cordoba
1360,Rodriguez Maria,Villa-Maria,935,1153148,Cordoba
1361,Gonzalez Luis,Carlos-Paz,396,1956937,Cordoba
1362,Alvarez Jose,San-Francisco,371,1958583,Cordoba
1363,Sosa Carlos,Cordoba-Centro,433,1388227,Cordoba
1364,Alvarez Sofia,Cordoba-Centro,298,309937,Cordoba
1365,Martinez Carlos,Carlos-Paz,921,1637810,Cordoba
1366,Romero Jose,Carlos-Paz,397,924539,Cordoba
1367,Gonzalez Jose,Carlos-Paz,336,596424,Cordoba
1368,Garcia Carlos,Cordoba-Centro,729,1280994,Cordoba
1369,Gonzalez Diego,Rio-Cuarto,576,1387152,Cordoba
1370,Gonzalez Juan,Carlos-Paz,465,285863,Cordoba
1371,Lopez Lucia,Villa-Maria,410,1514401,Cordoba
1372,Gonzalez Sofia,Cordoba-Centro,287,1905222,Cordoba
1373,Gonzalez Jose,Cordoba-Centro,759,111937,Cordoba
1374,Garcia Sofia,Alta-Gracia,350,1863371,Cordoba
1375,Alvarez Carlos,Carlos-Paz,278,744079,Cordoba
1376,Sosa Sofia,Villa-Maria,557,723495,Cordoba
1377,Romero Juan,Alta-Gracia,824,660152,Cordoba
1378,Perez Carlos,San-Francisco,340,83869,Cordoba
1379,Sanchez Jose,Alta-Gracia,491,204560,Cordoba
1380,Perez Juan,Villa-Maria,627,158476,Cordoba
1381,Romero Luis,Alta-Gracia,414,652996,Cordoba
1382,Sanchez Lucia,Villa-Maria,416,1419363,Cordoba
1383,Garcia Luis,Villa-Maria,734,626625,Cordoba
1384,Lopez Maria,San-Francisco,463,382773,Cordoba
1385,Martinez Maria,Alta-Gracia,505,1207072,Cordoba
1386,Sanchez Juan,Alta-Gracia,592,1983911,Cordoba
1387,Martinez Luis,Rio-Cuarto,852,1955314,Cordoba
1388,Garcia Elena,Carlos-Paz,511,1509077,Cordoba
1389,Gonzalez Luis,San-Francisco,738,1298673,Cordoba
1390,Rodriguez Elena,San-Francisco,578,450760,Cordoba
1391,Martinez Ana,Villa-Maria,462,435188,Cordoba
1392,Garcia Jose,Carlos-Paz,263,634137,Cordoba
1393,Alvarez Maria,Carlos-Paz,439,1703782,Cordoba
1394,Perez Sofia,Villa-Maria,917,1109439,Cordoba
1395,Alvarez Juan,San-Francisco,624,1800712,Cordoba
1396,Lopez Jose,Alta-Gracia,887,1714652,Cordoba
1397,Perez Jose,Carlos-Paz,607,297024,Cordoba
1398,Rodriguez Elena,Villa-Maria,723,1088621,Cordoba
1399,Gonzalez Maria,Villa-Maria,526,555323,Cordoba
1400,Martinez Maria,Rio-Cuarto,204,804632,Cordoba
1401,Rodriguez Jose,Carlos-Paz,441,986727,Cordoba
1402,Sanchez Jose,Carlos-Paz,751,1623673,Cordoba
1403,Lopez Luis,San-Francisco,280,526519,Cordoba
1404,Martinez Lucia,Carlos-Paz,655,307627,Cordoba
1405,Rodriguez Sofia,Alta-Gracia,284,510610,Cordoba
1406,Sanchez Carlos,Rio-Cuarto,221,1572368,Cordoba
1407,Sosa Jose,Cordoba-Centro,787,499442,Cordoba
1408,Martinez Elena,Carlos-Paz,756,318068,Cordoba
1409,Sanchez Juan,Alta-Gracia,729,1548271,Cordoba
1410,Alvarez Maria,Alta-Gracia,652,478178,Cordoba
1411,Alvarez Luis,Carlos-Paz,630,1389737,Cordoba
1412,Sosa Lucia,Carlos-Paz,414,619030,Cordoba
1413,Romero Lucia,Alta-Gracia,544,1795047,Cordoba
1414,Garcia Lucia,Alta-Gracia,824,1482508,Cordoba
1415,Perez Maria,Cordoba-Centro,625,1826823,Cordoba
1416,Lopez Sofia,Rio-Cuarto,715,665809,Cordoba
1417,Romero Sofia,Villa-Maria,469,1985047,Cordoba
1418,Rodriguez Juan,San-Francisco,540,615959,Cordoba
1419,Alvarez Ana,San-Francisco,489,1790773,Cordoba
1420,Martinez Maria,San-Francisco,796,202242,Cordoba
1421,Garcia Lucia,Cordoba-Centro,475,608539,Cordoba
1422,Perez Luis,Carlos-Paz,929,98152,Cordoba
1423,Perez Sofia,Rio-Cuarto,821,1509265,Cordoba
1424,Gonzalez Maria,Alta-Gracia,228,504232,Cordoba
1425,Rodriguez Elena,Rio-Cuarto,725,1557848,Cordoba
1426,Alvarez Luis,Alta-Gracia,881,558134,Cordoba
1427,Perez Maria,San-Francisco,635,817499,Cordoba
1428,Romero Carlos,Alta-Gracia,797,1991199,Cordoba
1429,Perez Maria,Rio-Cuarto,681,1552226,Cordoba
1430,Sosa Ana,Rio-Cuarto,617,1665400,Cordoba
1431,Martinez Lucia,Cordoba-Centro,329,462418,Cordoba
1432,Gonzalez Diego,San-Francisco,889,913549,Cordoba
1433,Martinez Carlos,Villa-Maria,414,763751,Cordoba
1434,Alvarez Diego,Alta-Gracia,649,278504,Cordoba
1435,Gonzalez Jose,Villa-Maria,419,1372281,Cordoba
1436,Sanchez Juan,Carlos-Paz,841,223850,Cordoba
1437,Lopez Ana,San-Francisco,857,1950683,Cordoba
1438,Alvarez Luis,Alta-Gracia,351,664437,Cordoba
1439,Martinez Jose,Alta-Gracia,792,456476,Cordoba
1440,Lopez Diego,San-Francisco,607,120318,Cordoba
1441,Sosa Sofia,San-Francisco,409,1806062,Cordoba
1442,Romero Luis,Rio-Cuarto,487,1089354,Cordoba
1443,Romero Lucia,Rio-Cuarto,653,1660537,Cordoba
1444,Rodriguez Diego,Carlos-Paz,790,393615,Cordoba
1445,Sanchez Juan,Rio-Cuarto,299,1414185,Cordoba
1446,Lopez Carlos,Rio-Cuarto,350,150238,Cordoba
1447,Sosa Juan,Villa-Maria,886,353542,Cordoba
1448,Sanchez Sofia,Carlos-Paz,823,746223,Cordoba
1449,Sanchez Juan,Alta-Gracia,831,1116095,Cordoba
1450,Lopez Lucia,Rio-Cuarto,453,55683,Cordoba
1451,Sosa Jose,Rio-Cuarto,710,1426000,Cordoba
1452,Sanchez Carlos,San-Francisco,640,1082801,Cordoba
1453,Alvarez Luis,Rio-Cuarto,661,617975,Cordoba
1454,Martinez Juan,Carlos-Paz,316,152791,Cordoba
1455,Alvarez Jose,Carlos-Paz,526,1300844,Cordoba
1456,Romero Sofia,Alta-Gracia,276,1966763,Cordoba
1457,Lopez Diego,Rio-Cuarto,341,776942,Cordoba
1458,Perez Elena,Alta-Gracia,947,724269,Cordoba
1459,Alvarez Luis,Cordoba-Centro,334,1327418,Cordoba
1460,Romero Jose,Villa-Maria,247,656643,Cordoba
1461,Alvarez Elena,Rio-Cuarto,748,1362869,Cordoba
1462,Perez Luis,San-Francisco,269,1309484,Cordoba
1463,Lopez Maria,Villa-Maria,835,1637901,Cordoba
1464,Perez Carlos,Alta-Gracia,250,1164671,Cordoba
1465,Sosa Maria,Villa-Maria,766,1073446,Cordoba
1466,Sosa Diego,Carlos-Paz,232,1026873,Cordoba
1467,Sanchez Diego,Carlos-Paz,246,924043,Cordoba
1468,Lopez Diego,Rio-Cuarto,280,1582530,Cordoba
1469,Martinez Luis,Rio-Cuarto,585,699571,Cordoba
1470,Perez Carlos,San-Francisco,456,1214453,Cordoba
1471,Sosa Sofia,Alta-Gracia,819,321853,Cordoba
1472,Sosa Jose,San-Francisco,427,970551,Cordoba
1473,Alvarez Lucia,Carlos-Paz,872,412818,Cordoba
1474,Lopez Luis,Villa-Maria,623,1969367,Cordoba
1475,Lopez Diego,Villa-Maria,508,1196507,Cordoba
1476,Sanchez Ana,Carlos-Paz,810,1578862,Cordoba
1477,Lopez Juan,Carlos-Paz,354,1396150,Cordoba
1478,Lopez Carlos,Rio-Cuarto,235,947803,Cordoba
1479,Gonzalez Sofia,Alta-Gracia,323,1939911,Cordoba
1480,Alvarez Diego,Cordoba-Centro,579,642908,Cordoba
1481,Gonzalez Elena,Carlos-Paz,686,117398,Cordoba
1482,Perez Jose,San-Francisco,513,1614939,Cordoba
1483,Sosa Jose,Carlos-Paz,440,482612,Cordoba
1484,Sosa Lucia,Carlos-Paz,843,1309030,Cordoba
1485,Romero Luis,Carlos-Paz,895,919254,Cordoba
1486,Romero Jose,San-Francisco,729,353188,Cordoba
1487,Martinez Sofia,Cordoba-Centro,480,1148987,Cordoba
1488,Sanchez Luis,Alta-Gracia,718,1603416,Cordoba
1489,Alvarez Luis,San-Francisco,235,977678,Cordoba
1490,Lopez Luis,Villa-Maria,527,217926,Cordoba
1491,Sanchez Juan,San-Francisco,464,1876875,Cordoba
1492,Alvarez Juan,Cordoba-Centro,456,1302693,Cordoba
1493,Martinez Luis,Rio-Cuarto,844,169894,Cordoba
1494,Romero Lucia,Carlos-Paz,528,459267,Cordoba
1495,Lopez Lucia,Villa-Maria,330,650790,Cordoba
1496,Perez Luis,San-Francisco,623,651514,Cordoba
1497,Sanchez Maria,Cordoba-Centro,912,1879063,Cordoba
1498,Lopez Carlos,Alta-Gracia,488,1332970,Cordoba
1499,Lopez Lucia,Cordoba-Centro,519,1624288,Cordoba
1500,Perez Luis,Villa-Maria,825,1606810,Cordoba
1501,Sosa Lucia,Carlos-Paz,776,460225,Cordoba
1502,Sosa Luis,Cordoba-Centro,219,648899,Cordoba
1503,Alvarez Elena,Carlos-Paz,396,1264593,Cordoba
1504,Alvarez Ana,Carlos-Paz,565,1610026,Cordoba
1505,Perez Jose,Villa-Maria,770,777367,Cordoba
1506,Romero Maria,Villa-Maria,689,443080,Cordoba
1507,Sanchez Carlos,Carlos-Paz,657,1255510,Cordoba
1508,Martinez Luis,Cordoba-Centro,606,378900,Cordoba
1509,Sanchez Lucia,Villa-Maria,615,375428,Cordoba
1510,Sanchez Jose,Carlos-Paz,949,460131,Cordoba
1511,Gonzalez Carlos,Cordoba-Centro,722,1026066,Cordoba
1512,Lopez Elena,Rio-Cuarto,882,375967,Cordoba
1513,Rodriguez Ana,Carlos-Paz,435,800786,Cordoba
1514,Garcia Sofia,Cordoba-Centro,892,1874605,Cordoba
1515,Garcia Elena,Rio-Cuarto,228,202692,Cordoba
1516,Sanchez Luis,Villa-Maria,440,644965,Cordoba
1517,Sosa Elena,Alta-Gracia,810,1030209,Cordoba
1518,Lopez Ana,Rio-Cuarto,794,1641727,Cordoba
1519,Sosa Carlos,Villa-Maria,942,924543,Cordoba
1520,Romero Carlos,Carlos-Paz,243,1053460,Cordoba
1521,Romero Maria,Cordoba-Centro,632,1386821,Cordoba
1522,Gonzalez Carlos,Carlos-Paz,336,880066,Cordoba
1523,Perez Elena,Cordoba-Centro,521,723027,Cordoba
1524,Alvarez Jose,Rio-Cuarto,803,1775030,Cordoba
1525,Rodriguez Diego,Carlos-Paz,334,666307,Cordoba
1526,Gonzalez Maria,Carlos-Paz,597,1023136,Cordoba
1527,Alvarez Luis,Carlos-Paz,620,93135,Cordoba
1528,Sanchez Jose,Rio-Cuarto,628,682510,Cordoba
1529,Sanchez Diego,Carlos-Paz,306,1991095,Cordoba
1530,Perez Ana,Rio-Cuarto,788,323256,Cordoba
1531,Martinez Carlos,Cordoba-Centro,331,454516,Cordoba
1532,Lopez Ana,Cordoba-Centro,243,85988,Cordoba
1533,Sosa Luis,Rio-Cuarto,641,744335,Cordoba
1534,Perez Ana,Rio-Cuarto,468,1149128,Cordoba
1535,Gonzalez Elena,Alta-Gracia,303,1882929,Cordoba
1536,Gonzalez Lucia,Rio-Cuarto,567,1754382,Cordoba
1537,Martinez Lucia,Rio-Cuarto,944,490905,Cordoba
1538,Romero Jose,Rio-Cuarto,664,289052,Cordoba
1539,Gonzalez Ana,Villa-Maria,213,1690634,Cordoba
1540,Garcia Jose,Cordoba-Centro,510,1272780,Cordoba
1541,Rodriguez Juan,San-Francisco,525,1839947,Cordoba
1542,Rodriguez Lucia,Alta-Gracia,912,1446873,Cordoba
1543,Sanchez Jose,Cordoba-Centro,522,1475863,Cordoba
1544,Sanchez Ana,Rio-Cuarto,218,1395672,Cordoba
1545,Lopez Maria,Villa-Maria,708,440888,Cordoba
1546,Alvarez Sofia,Alta-Gracia,880,898986,Cordoba
1547,Lopez Juan,Alta-Gracia,311,1728976,Cordoba
1548,Alvarez Elena,Cordoba-Centro,415,1141581,Cordoba
1549,Romero Luis,San-Francisco,425,745041,Cordoba
1550,Rodriguez Luis,Alta-Gracia,869,67740,Cordoba
1551,Sosa Ana,Carlos-Paz,265,962306,Cordoba
1552,Lopez Sofia,Rio-Cuarto,898,1069058,Cordoba
1553,Romero Jose,Cordoba-Centro,898,1630950,Cordoba
1554,Romero Sofia,Villa-Maria,759,464250,Cordoba
1555,Garcia Diego,San-Francisco,526,800759,Cordoba
1556,Sosa Elena,Cordoba-Centro,672,1479743,Cordoba
1557,Gonzalez Juan,Carlos-Paz,228,1873506,Cordoba
1558,Lopez Carlos,Alta-Gracia,400,1154713,Cordoba
1559,Martinez Carlos,Villa-Maria,672,1659974,Cordoba
1560,Sanchez Ana,Alta-Gracia,894,563311,Cordoba
1561,Perez Ana,San-Francisco,648,1448434,Cordoba
1562,Sanchez Jose,Cordoba-Centro,722,1107169,Cordoba
1563,Sosa Carlos,Cordoba-Centro,942,1362584,Cordoba
1564,Rodriguez Diego,Villa-Maria,475,517325,Cordoba
1565,Romero Diego,Cordoba-Centro,872,509325,Cordoba
1566,Sosa Luis,Alta-Gracia,481,1510450,Cordoba
1567,Alvarez Luis,San-Francisco,851,379226,Cordoba
1568,Lopez Ana,Villa-Maria,792,1103368,Cordoba
1569,Garcia Jose,Rio-Cuarto,394,522663,Cordoba
1570,Perez Maria,San-Francisco,260,1494571,Cordoba
1571,Alvarez Ana,Carlos-Paz,437,781930,Cordoba
1572,Sosa Maria,Rio-Cuarto,211,524927,Cordoba
1573,Sanchez Juan,Villa-Maria,461,880806,Cordoba
1574,Gonzalez Sofia,Cordoba-Centro,426,697444,Cordoba
1575,Alvarez Sofia,Alta-Gracia,777,1517858,Cordoba
1576,Perez Jose,Carlos-Paz,560,453769,Cordoba
1577,Lopez Lucia,Cordoba-Centro,758,348871,Cordoba
1578,Lopez Elena,Rio-Cuarto,482,1656534,Cordoba
1579,Rodriguez Maria,Cordoba-Centro,553,1029020,Cordoba
1580,Gonzalez Juan,Alta-Gracia,889,1076927,Cordoba
1581,Perez Diego,Villa-Maria,893,1757082,Cordoba
1582,Lopez Jose,Alta-Gracia,471,544360,Cordoba
1583,Martinez Carlos,Villa-Maria,812,1569679,Cordoba
1584,Sanchez Sofia,Villa-Maria,619,908606,Cordoba
1585,Romero Diego,Cordoba-Centro,428,265692,Cordoba
1586,Garcia Jose,Carlos-Paz,623,684304,Cordoba
1587,Sanchez Luis,Rio-Cuarto,673,1766372,Cordoba
1588,Rodriguez Elena,Rio-Cuarto,222,1260873,Cordoba
1589,Lopez Luis,Rio-Cuarto,206,1816156,Cordoba
1590,Lopez Lucia,Carlos-Paz,854,1830592,Cordoba
1591,Gonzalez Lucia,Cordoba-Centro,440,576445,Cordoba
1592,Sosa Lucia,Carlos-Paz,753,871941,Cordoba
1593,Alvarez Elena,San-Francisco,493,1161952,Cordoba
1594,Garcia Sofia,Rio-Cuarto,678,1731943,Cordoba
1595,Sosa Ana,Alta-Gracia,857,1564361,Cordoba
1596,Rodriguez Diego,San-Francisco,582,417834,Cordoba
1597,Lopez Carlos,Rio-Cuarto,788,1125796,Cordoba
1598,Lopez Ana,Villa-Maria,348,909266,Cordoba
1599,Sosa Juan,Cordoba-Centro,840,1130720,Cordoba
1600,Rodriguez Sofia,Alta-Gracia,297,979923,Cordoba
1601,Alvarez Lucia,Carlos-Paz,290,698307,Cordoba
1602,Gonzalez Jose,Villa-Maria,550,1537606,Cordoba
1603,Lopez Maria,Villa-Maria,718,1659035,Cordoba
1604,Garcia Sofia,Cordoba-Centro,589,1680713,Cordoba
1605,Alvarez Sofia,Alta-Gracia,751,490222,Cordoba
1606,Garcia Juan,Rio-Cuarto,943,1169793,Cordoba
1607,Gonzalez Jose,Cordoba-Centro,792,641465,Cordoba
1608,Lopez Maria,San-Francisco,849,1470596,Cordoba
1609,Sanchez Lucia,Alta-Gracia,692,109073,Cordoba
1610,Gonzalez Sofia,Cordoba-Centro,691,364672,Cordoba
1611,Rodriguez Luis,Cordoba-Centro,474,1591438,Cordoba
1612,Lopez Carlos,Villa-Maria,646,626771,Cordoba
1613,Alvarez Lucia,Rio-Cuarto,671,1791617,Cordoba
1614,Sosa Diego,San-Francisco,917,359575,Cordoba
1615,Perez Juan,Villa-Maria,292,1210341,Cordoba
1616,Rodriguez Maria,Carlos-Paz,927,960284,Cordoba
1617,Sosa Lucia,San-Francisco,360,1974815,Cordoba
1618,Rodriguez Maria,Rio-Cuarto,628,1598493,Cordoba
1619,Perez Maria,San-Francisco,741,935473,Cordoba
1620,Perez Juan,San-Francisco,472,1866218,Cordoba
1621,Romero Elena,San-Francisco,874,689014,Cordoba
1622,Lopez Diego,San-Francisco,449,333270,Cordoba
1623,Alvarez Maria,Cordoba-Centro,721,1596293,Cordoba
1624,Rodriguez Diego,Alta-Gracia,803,808144,Cordoba
1625,Perez Luis,Alta-Gracia,730,387797,Cordoba
1626,Alvarez Elena,Cordoba-Centro,802,694720,Cordoba
1627,Garcia Diego,Villa-Maria,228,1301457,Cordoba
1628,Perez Lucia,Cordoba-Centro,429,631858,Cordoba
1629,Romero Diego,Alta-Gracia,794,848778,Cordoba
1630,Romero Ana,San-Francisco,700,566256,Cordoba
1631,Garcia Jose,San-Francisco,398,1169049,Cordoba
1632,Sosa Sofia,Villa-Maria,494,1466996,Cordoba
1633,Sanchez Elena,Villa-Maria,479,106375,Cordoba
1634,Gonzalez Juan,San-Francisco,757,871755,Cordoba
1635,Rodriguez Lucia,Villa-Maria,810,1763557,Cordoba
1636,Lopez Diego,Villa-Maria,825,1517995,Cordoba
1637,Sanchez Sofia,Carlos-Paz,898,1373020,Cordoba
1638,Garcia Ana,Cordoba-Centro,391,574151,Cordoba
1639,Perez Ana,Carlos-Paz,455,722047,Cordoba
1640,Gonzalez Carlos,Rio-Cuarto,634,431378,Cordoba
1641,Garcia Sofia,Alta-Gracia,912,1092582,Cordoba
1642,Martinez Carlos,Villa-Maria,224,1047014,Cordoba
1643,Garcia Elena,Cordoba-Centro,598,98354,Cordoba
1644,Lopez Elena,Alta-Gracia,593,1292094,Cordoba
1645,Sanchez Jose,Cordoba-Centro,209,877660,Cordoba
1646,Romero Maria,Cordoba-Centro,792,1440975,Cordoba
1647,Garcia Ana,San-Francisco,883,1971697,Cordoba
1648,Gonzalez Elena,San-Francisco,308,956556,Cordoba
1649,Alvarez Jose,Villa-Maria,646,727133,Cordoba
1650,Garcia Sofia,Rio-Cuarto,815,448627,Cordoba
1651,Sosa Carlos,Cordoba-Centro,281,613481,Cordoba
1652,Garcia Ana,Rio-Cuarto,536,104339,Cordoba
1653,Lopez Luis,San-Francisco,493,768781,Cordoba
1654,Romero Luis,San-Francisco,765,618118,Cordoba
1655,Martinez Diego,Villa-Maria,313,491988,Cordoba
1656,Lopez Juan,Alta-Gracia,619,1362259,Cordoba
1657,Sosa Juan,San-Francisco,393,1896002,Cordoba
1658,Alvarez Diego,Villa-Maria,486,1014245,Cordoba
1659,Martinez Elena,Carlos-Paz,896,1405290,Cordoba
1660,Sosa Maria,Alta-Gracia,497,1718375,Cordoba
1661,Garcia Juan,Cordoba-Centro,601,276070,Cordoba
1662,Garcia Lucia,San-Francisco,823,1896622,Cordoba
1663,Sosa Carlos,Rio-Cuarto,794,1961569,Cordoba
1664,Martinez Carlos,Cordoba-Centro,727,1792914,Cordoba
1665,Martinez Maria,Rio-Cuarto,838,972230,Cordoba
1666,Perez Elena,San-Francisco,531,612720,Cordoba
1667,Perez Maria,San-Francisco,701,743665,Cordoba
1668,Garcia Maria,Villa-Maria,361,1620094,Cordoba
1669,Sanchez Sofia,Alta-Gracia,735,1175114,Cordoba
1670,Martinez Elena,Villa-Maria,861,1094282,Cordoba
1671,Gonzalez Ana,Cordoba-Centro,596,1542331,Cordoba
1672,Alvarez Ana,Cordoba-Centro,525,295443,Cordoba
1673,Martinez Jose,Cordoba-Centro,915,391575,Cordoba
1674,Perez Luis,Villa-Maria,499,1687316,Cordoba
1675,Romero Maria,Rio-Cuarto,689,1737001,Cordoba
1676,Gonzalez Sofia,Rio-Cuarto,882,1794554,Cordoba
1677,Sosa Elena,Cordoba-Centro,423,903402,Cordoba
1678,Perez Maria,San-Francisco,647,1436951,Cordoba
1679,Sosa Ana,Villa-Maria,651,335183,Cordoba
1680,Perez Juan,Villa-Maria,474,101323,Cordoba
1681,Romero Diego,Rio-Cuarto,216,1517927,Cordoba
1682,Martinez Luis,Alta-Gracia,777,1386365,Cordoba
1683,Alvarez Juan,San-Francisco,947,454746,Cordoba
1684,Garcia Elena,Cordoba-Centro,407,704436,Cordoba
1685,Lopez Lucia,Alta-Gracia,789,151134,Cordoba
1686,Sanchez Elena,Carlos-Paz,331,672407,Cordoba
1687,Martinez Lucia,Rio-Cuarto,469,116982,Cordoba
1688,Garcia Diego,Alta-Gracia,451,1733648,Cordoba
1689,Alvarez Sofia,Cordoba-Centro,378,1781413,Cordoba
1690,Garcia Ana,Villa-Maria,255,1884161,Cordoba
1691,Sosa Jose,Carlos-Paz,346,1172290,Cordoba
1692,Romero Elena,San-Francisco,913,1077917,Cordoba
1693,Rodriguez Carlos,Alta-Gracia,797,538596,Cordoba
1694,Martinez Ana,Cordoba-Centro,808,1032001,Cordoba
1695,Romero Maria,San-Francisco,718,1925185,Cordoba
1696,Sanchez Jose,Carlos-Paz,380,171815,Cordoba
1697,Martinez Jose,Rio-Cuarto,235,1281816,Cordoba
1698,Rodriguez Ana,Alta-Gracia,804,1515831,Cordoba
1699,Garcia Maria,Cordoba-Centro,296,636605,Cordoba
1700,Sanchez Jose,Alta-Gracia,295,913630,Cordoba
1701,Sosa Jose,Villa-Maria,765,459898,Cordoba
1702,Lopez Jose,Cordoba-Centro,395,1267080,Cordoba
1703,Alvarez Carlos,Cordoba-Centro,309,1376138,Cordoba
1704,Romero Luis,Cordoba-Centro,739,316593,Cordoba
1705,Rodriguez Ana,San-Francisco,667,1736270,Cordoba
1706,Alvarez Juan,Alta-Gracia,286,977775,Cordoba
1707,Sanchez Juan,Alta-Gracia,623,1597611,Cordoba
1708,Lopez Lucia,Rio-Cuarto,887,1051645,Cordoba
1709,Sanchez Juan,Alta-Gracia,441,616946,Cordoba
1710,Gonzalez Diego,Carlos-Paz,812,1650743,Cordoba
1711,Rodriguez Jose,Alta-Gracia,818,115245,Cordoba
1712,Garcia Lucia,Villa-Maria,716,1171732,Cordoba
1713,Sanchez Elena,Villa-Maria,661,1542649,Cordoba
1714,Rodriguez Luis,Cordoba-Centro,648,964837,Cordoba
1715,Alvarez Carlos,Cordoba-Centro,652,1476495,Cordoba
1716,Perez Diego,San-Francisco,829,1482298,Cordoba
1717,Perez Ana,Alta-Gracia,823,630924,Cordoba
1718,Rodriguez Luis,Villa-Maria,483,1410178,Cordoba
1719,Martinez Luis,Cordoba-Centro,742,1646513,Cordoba
1720,Sosa Juan,San-Francisco,539,1194512,Cordoba
1721,Sosa Carlos,San-Francisco,312,1829700,Cordoba
1722,Alvarez Elena,Cordoba-Centro,774,1912048,Cordoba
1723,Alvarez Juan,Carlos-Paz,850,641818,Cordoba
1724,Martinez Maria,Rio-Cuarto,658,1301437,Cordoba
1725,Sanchez Diego,Cordoba-Centro,619,698858,Cordoba
1726,Romero Maria,Alta-Gracia,499,686833,Cordoba
1727,Perez Sofia,Rio-Cuarto,586,1639627,Cordoba
1728,Garcia Jose,Rio-Cuarto,350,1373442,Cordoba
1729,Romero Carlos,Cordoba-Centro,273,753445,Cordoba
1730,Sanchez Lucia,Alta-Gracia,495,1697168,Cordoba
1731,Garcia Carlos,Alta-Gracia,866,392046,Cordoba
1732,Alvarez Ana,Cordoba-Centro,877,741832,Cordoba
1733,Alvarez Jose,Villa-Maria,852,682537,Cordoba
1734,Sanchez Sofia,Rio-Cuarto,868,804205,Cordoba
1735,Sanchez Elena,Rio-Cuarto,459,1765172,Cordoba
1736,Alvarez Diego,Rio-Cuarto,851,1061100,Cordoba
1737,Garcia Juan,Villa-Maria,430,635636,Cordoba
1738,Sanchez Jose,Villa-Maria,256,1807805,Cordoba
1739,Rodriguez Elena,Rio-Cuarto,705,1119203,Cordoba
1740,Sanchez Carlos,San-Francisco,571,621332,Cordoba
1741,Gonzalez Luis,Alta-Gracia,494,589481,Cordoba
1742,Perez Elena,San-Francisco,893,1347792,Cordoba
1743,Romero Diego,Villa-Maria,900,581108,Cordoba
1744,Sanchez Elena,San-Francisco,715,757307,Cordoba
1745,Garcia Carlos,Rio-Cuarto,618,767243,Cordoba
1746,Sosa Jose,Cordoba-Centro,627,963127,Cordoba
1747,Alvarez Jose,San-Francisco,784,1646363,Cordoba
1748,Rodriguez Carlos,San-Francisco,352,1103047,Cordoba
1749,Martinez Sofia,Villa-Maria,856,923168,Cordoba
1750,Lopez Juan,Cordoba-Centro,460,1735749,Cordoba
1751,Lopez Luis,Alta-Gracia,282,611617,Cordoba
1752,Alvarez Maria,Cordoba-Centro,842,1476371,Cordoba
1753,Alvarez Diego,Rio-Cuarto,945,237457,Cordoba
1754,Sanchez Diego,Villa-Maria,696,1028557,Cordoba
1755,Perez Maria,Carlos-Paz,620,734520,Cordoba
1756,Martinez Lucia,Villa-Maria,340,574373,Cordoba
1757,Sanchez Elena,Cordoba-Centro,403,1066958,Cordoba
1758,Martinez Jose,Rio-Cuarto,730,1431694,Cordoba
1759,Sanchez Elena,Cordoba-Centro,909,1772509,Cordoba
1760,Romero Carlos,Alta-Gracia,459,1015618,Cordoba
1761,Rodriguez Maria,Cordoba-Centro,621,1927198,Cordoba
1762,Romero Lucia,Carlos-Paz,265,1172869,Cordoba
1763,Sanchez Lucia,Rio-Cuarto,602,484627,Cordoba
1764,Garcia Sofia,Carlos-Paz,242,96603,Cordoba
1765,Garcia Elena,Cordoba-Centro,529,229942,Cordoba
1766,Sanchez Maria,Rio-Cuarto,627,617873,Cordoba
1767,Rodriguez Sofia,Rio-Cuarto,219,1675078,Cordoba
1768,Lopez Ana,Rio-Cuarto,885,1376328,Cordoba
1769,Romero Ana,San-Francisco,322,1707501,Cordoba
1770,Martinez Ana,Villa-Maria,626,1560838,Cordoba
1771,Sosa Jose,Villa-Maria,676,1665522,Cordoba
1772,Rodriguez Juan,Rio-Cuarto,855,1728229,Cordoba
1773,Romero Carlos,Cordoba-Centro,383,519773,Cordoba
1774,Sanchez Elena,Villa-Maria,778,177708,Cordoba
1775,Sanchez Elena,Villa-Maria,259,659790,Cordoba
1776,Gonzalez Sofia,Carlos-Paz,618,227646,Cordoba
1777,Martinez Elena,San-Francisco,842,1035983,Cordoba
1778,Gonzalez Lucia,Cordoba-Centro,275,465575,Cordoba
1779,Romero Diego,Alta-Gracia,737,1005919,Cordoba
1780,Lopez Lucia,Rio-Cuarto,364,577990,Cordoba
1781,Lopez Sofia,Rio-Cuarto,405,1474209,Cordoba
1782,Lopez Diego,Cordoba-Centro,863,1732149,Cordoba
1783,Gonzalez Elena,Villa-Maria,350,1477003,Cordoba
1784,Garcia Luis,Carlos-Paz,723,727883,Cordoba
1785,Sosa Sofia,Villa-Maria,677,1631020,Cordoba
1786,Sanchez Diego,Villa-Maria,774,866146,Cordoba
1787,Perez Lucia,Cordoba-Centro,949,1409634,Cordoba
1788,Lopez Lucia,San-Francisco,763,1801064,Cordoba
1789,Lopez Juan,Carlos-Paz,378,1021547,Cordoba
1790,Sosa Luis,Villa-Maria,685,719563,Cordoba
1791,Perez Luis,Villa-Maria,673,1138684,Cordoba
1792,Martinez Elena,Rio-Cuarto,375,961016,Cordoba
1793,Rodriguez Luis,Cordoba-Centro,857,1239998,Cordoba
1794,Sanchez Sofia,Cordoba-Centro,837,1222827,Cordoba
1795,Gonzalez Sofia,Cordoba-Centro,805,480466,Cordoba
1796,Perez Diego,Carlos-Paz,658,502739,Cordoba
1797,Lopez Juan,Rio-Cuarto,542,970558,Cordoba
1798,Romero Diego,Carlos-Paz,521,723626,Cordoba
1799,Lopez Luis,San-Francisco,559,1215351,Cordoba
1800,Alvarez Luis,Villa-Maria,873,1830611,Cordoba
1801,Lopez Lucia,Rio-Cuarto,323,315110,Cordoba
1802,Gonzalez Ana,Cordoba-Centro,440,1659760,Cordoba
1803,Sosa Sofia,San-Francisco,688,1626474,Cordoba
1804,Sosa Ana,San-Francisco,583,210456,Cordoba
1805,Rodriguez Sofia,Carlos-Paz,878,92327,Cordoba
1806,Sanchez Ana,Carlos-Paz,782,1058022,Cordoba
1807,Alvarez Maria,San-Francisco,433,1032910,Cordoba
1808,Martinez Juan,Cordoba-Centro,929,480062,Cordoba
1809,Sosa Sofia,Carlos-Paz,767,1549019,Cordoba
1810,Sanchez Sofia,San-Francisco,208,338088,Cordoba
1811,Perez Maria,San-Francisco,517,1834242,Cordoba
1812,Martinez Juan,Alta-Gracia,867,1734798,Cordoba
1813,Lopez Luis,Villa-Maria,307,97158,Cordoba
1814,Garcia Diego,Alta-Gracia,862,806614,Cordoba
1815,Lopez Sofia,San-Francisco,592,1135163,Cordoba
1816,Romero Lucia,Cordoba-Centro,427,1115933,Cordoba
1817,Perez Maria,Villa-Maria,235,1634006,Cordoba
1818,Perez Luis,San-Francisco,927,1126099,Cordoba
1819,Sanchez Jose,Villa-Maria,283,804205,Cordoba
1820,Gonzalez Sofia,San-Francisco,284,60132,Cordoba
1821,Lopez Sofia,San-Francisco,732,912949,Cordoba
1822,Rodriguez Maria,Villa-Maria,497,50526,Cordoba
1823,Romero Diego,Cordoba-Centro,286,598773,Cordoba
1824,Lopez Elena,Cordoba-Centro,507,1045263,Cordoba
1825,Romero Maria,Alta-Gracia,943,1159246,Cordoba
1826,Martinez Maria,Villa-Maria,372,1584671,Cordoba
1827,Sanchez Juan,San-Francisco,815,530640,Cordoba
1828,Gonzalez Juan,Cordoba-Centro,378,1773173,Cordoba
1829,Martinez Carlos,Rio-Cuarto,803,1004504,Cordoba
1830,Sanchez Maria,Carlos-Paz,933,389814,Cordoba
1831,Gonzalez Luis,Villa-Maria,594,522757,Cordoba
1832,Sanchez Diego,San-Francisco,251,600540,Cordoba
1833,Sosa Sofia,Cordoba-Centro,543,1935768,Cordoba
1834,Perez Ana,Alta-Gracia,463,292906,Cordoba
1835,Martinez Juan,Carlos-Paz,746,461641,Cordoba
1836,Martinez Ana,Rio-Cuarto,792,968012,Cordoba
1837,Rodriguez Juan,Alta-Gracia,878,1190934,Cordoba
1838,Perez Ana,San-Francisco,788,132726,Cordoba
1839,Sosa Carlos,Villa-Maria,314,1048690,Cordoba
1840,Perez Lucia,Villa-Maria,815,1786720,Cordoba
1841,Sanchez Carlos,Rio-Cuarto,323,1296888,Cordoba
1842,Sanchez Jose,Rio-Cuarto,455,982303,Cordoba
1843,Sanchez Sofia,Carlos-Paz,445,352312,Cordoba
1844,Romero Carlos,Cordoba-Centro,596,109365,Cordoba
1845,Martinez Diego,Villa-Maria,758,533607,Cordoba
1846,Gonzalez Maria,Rio-Cuarto,857,993868,Cordoba
1847,Garcia Juan,Rio-Cuarto,616,1134449,Cordoba
1848,Romero Sofia,Cordoba-Centro,473,236814,Cordoba
1849,Perez Carlos,San-Francisco,591,1664738,Cordoba
1850,Alvarez Juan,San-Francisco,449,1341740,Cordoba
1851,Sanchez Luis,Rio-Cuarto,863,523862,Cordoba
1852,Garcia Carlos,Alta-Gracia,628,542464,Cordoba
1853,Garcia Lucia,Villa-Maria,260,1470084,Cordoba
1854,Garcia Jose,Rio-Cuarto,459,937569,Cordoba
1855,Sosa Luis,Carlos-Paz,509,1390487,Cordoba
1856,Sanchez Luis,Villa-Maria,920,625701,Cordoba
1857,Romero Elena,Cordoba-Centro,710,1690033,Cordoba
1858,Martinez Jose,Carlos-Paz,596,1167675,Cordoba
1859,Alvarez Lucia,San-Francisco,332,1217327,Cordoba
1860,Lopez Lucia,Rio-Cuarto,597,1163210,Cordoba
1861,Martinez Elena,San-Francisco,425,1747353,Cordoba
1862,Alvarez Ana,Alta-Gracia,597,225014,Cordoba
1863,Garcia Juan,Rio-Cuarto,492,1290298,Cordoba
1864,Perez Carlos,Villa-Maria,551,1772024,Cordoba
1865,Martinez Ana,Rio-Cuarto,681,1233720,Cordoba
1866,Romero Elena,San-Francisco,928,1024083,Cordoba
1867,Martinez Luis,San-Francisco,831,1810786,Cordoba
1868,Rodriguez Ana,Carlos-Paz,271,1710644,Cordoba
1869,Perez Jose,Alta-Gracia,280,745943,Cordoba
1870,Lopez Juan,Alta-Gracia,267,825406,Cordoba
1871,Romero Carlos,Cordoba-Centro,761,927815,Cordoba
1872,Rodriguez Juan,San-Francisco,711,860040,Cordoba
1873,Alvarez Lucia,Villa-Maria,877,1276176,Cordoba
1874,Sosa Lucia,Villa-Maria,349,1179756,Cordoba
1875,Sanchez Elena,Carlos-Paz,576,75853,Cordoba
1876,Lopez Juan,Rio-Cuarto,824,1420835,Cordoba
1877,Lopez Diego,Villa-Maria,628,598212,Cordoba
1878,Gonzalez Juan,Cordoba-Centro,865,1777325,Cordoba
1879,Gonzalez Sofia,San-Francisco,414,734531,Cordoba
1880,Gonzalez Jose,Villa-Maria,233,317856,Cordoba
1881,Rodriguez Ana,Rio-Cuarto,490,1095806,Cordoba
1882,Lopez Carlos,Villa-Maria,779,461268,Cordoba
1883,Martinez Jose,Villa-Maria,800,239398,Cordoba
1884,Perez Sofia,San-Francisco,860,178302,Cordoba
1885,Sosa Ana,Cordoba-Centro,903,482962,Cordoba
1886,Gonzalez Lucia,Alta-Gracia,830,449406,Cordoba
1887,Lopez Carlos,Rio-Cuarto,903,243093,Cordoba
1888,Martinez Jose,San-Francisco,769,1020068,Cordoba
1889,Sanchez Elena,Carlos-Paz,811,697213,Cordoba
1890,Martinez Ana,Alta-Gracia,504,603912,Cordoba
1891,Garcia Elena,San-Francisco,922,1895696,Cordoba
1892,Garcia Lucia,Alta-Gracia,233,749599,Cordoba
1893,Martinez Maria,San-Francisco,391,1977608,Cordoba
1894,Garcia Carlos,Rio-Cuarto,668,1676971,Cordoba
1895,Romero Lucia,Carlos-Paz,650,1090823,Cordoba
1896,Sosa Sofia,Alta-Gracia,219,179449,Cordoba
1897,Lopez Maria,Cordoba-Centro,235,1744995,Cordoba
1898,Gonzalez Juan,Rio-Cuarto,578,1775517,Cordoba
1899,Alvarez Diego,San-Francisco,297,1508605,Cordoba
1900,Alvarez Luis,Rio-Cuarto,730,1379769,Cordoba
1901,Gonzalez Jose,Villa-Maria,279,796120,Cordoba
1902,Perez Juan,Alta-Gracia,743,1677082,Cordoba
1903,Garcia Diego,Villa-Maria,688,1615289,Cordoba
1904,Martinez Luis,Villa-Maria,788,1474877,Cordoba
1905,Martinez Diego,Alta-Gracia,210,1996819,Cordoba
1906,Rodriguez Maria,Cordoba-Centro,623,935383,Cordoba
1907,Martinez Lucia,Cordoba-Centro,647,1876332,Cordoba
1908,Sanchez Jose,Alta-Gracia,319,1531544,Cordoba
1909,Gonzalez Sofia,Rio-Cuarto,904,202537,Cordoba
1910,Martinez Maria,Carlos-Paz,461,246410,Cordoba
1911,Martinez Juan,San-Francisco,492,1826949,Cordoba
1912,Garcia Carlos,Villa-Maria,608,851093,Cordoba
1913,Sanchez Juan,Rio-Cuarto,356,712370,Cordoba
1914,Romero Lucia,Rio-Cuarto,330,1710001,Cordoba
1915,Gonzalez Juan,Alta-Gracia,920,1884617,Cordoba
1916,Gonzalez Juan,Rio-Cuarto,356,1601170,Cordoba
1917,Rodriguez Carlos,Cordoba-Centro,713,394588,Cordoba
1918,Lopez Sofia,Alta-Gracia,758,1234352,Cordoba
1919,Gonzalez Jose,Carlos-Paz,895,518526,Cordoba
1920,Romero Luis,San-Francisco,574,675911,Cordoba
1921,Gonzalez Luis,Rio-Cuarto,879,841545,Cordoba
1922,Romero Maria,Cordoba-Centro,609,1035078,Cordoba
1923,Alvarez Jose,Rio-Cuarto,341,1083063,Cordoba
1924,Martinez Carlos,Alta-Gracia,688,1851305,Cordoba
1925,Gonzalez Ana,Cordoba-Centro,211,164539,Cordoba
1926,Garcia Luis,Carlos-Paz,273,1206663,Cordoba
1927,Romero Lucia,Alta-Gracia,522,1149437,Cordoba
1928,Sanchez Maria,San-Francisco,589,512917,Cordoba
1929,Perez Maria,Rio-Cuarto,765,1079950,Cordoba
1930,Garcia Juan,Cordoba-Centro,429,220249,Cordoba
1931,Garcia Juan,Rio-Cuarto,818,1703846,Cordoba
1932,Sanchez Jose,Villa-Maria,607,1973923,Cordoba
1933,Garcia Luis,Villa-Maria,361,652885,Cordoba
1934,Gonzalez Maria,Alta-Gracia,280,1566091,Cordoba
1935,Sanchez Sofia,Villa-Maria,210,1789613,Cordoba
1936,Alvarez Diego,Rio-Cuarto,239,1568429,Cordoba
1937,Romero Lucia,Carlos-Paz,702,94444,Cordoba
1938,Sanchez Jose,Villa-Maria,281,1053366,Cordoba
1939,Garcia Maria,Alta-Gracia,457,1846695,Cordoba
1940,Romero Diego,Alta-Gracia,509,1477976,Cordoba
1941,Sanchez Carlos,Cordoba-Centro,481,1083340,Cordoba
1942,Sosa Maria,Alta-Gracia,936,1359203,Cordoba
1943,Rodriguez Jose,Villa-Maria,793,281256,Cordoba
1944,Romero Lucia,San-Francisco,622,1740646,Cordoba
1945,Alvarez Lucia,Rio-Cuarto,335,564670,Cordoba
1946,Alvarez Juan,Cordoba-Centro,330,1432012,Cordoba
1947,Gonzalez Lucia,Carlos-Paz,483,925873,Cordoba
1948,Rodriguez Carlos,Alta-Gracia,684,331086,Cordoba
1949,Sosa Luis,Cordoba-Centro,775,167094,Cordoba
1950,Martinez Ana,Villa-Maria,599,1886446,Cordoba
1951,Gonzalez Luis,Villa-Maria,944,529472,Cordoba
1952,Sanchez Juan,Villa-Maria,772,764570,Cordoba
1953,Perez Sofia,Villa-Maria,874,1786511,Cordoba
1954,Romero Luis,Rio-Cuarto,642,1944573,Cordoba
1955,Perez Juan,Villa-Maria,583,108635,Cordoba
1956,Rodriguez Juan,San-Francisco,575,1223887,Cordoba
1957,Martinez Juan,Alta-Gracia,855,1253076,Cordoba
1958,Martinez Lucia,Villa-Maria,849,104648,Cordoba
1959,Alvarez Elena,Carlos-Paz,216,983583,Cordoba
1960,Alvarez Ana,Villa-Maria,361,695429,Cordoba
1961,Martinez Jose,Rio-Cuarto,688,1639749,Cordoba
1962,Sosa Jose,San-Francisco,783,1546703,Cordoba
1963,Alvarez Luis,Carlos-Paz,315,1938963,Cordoba
1964,Garcia Sofia,Carlos-Paz,417,1012295,Cordoba
1965,Martinez Maria,Villa-Maria,734,1460852,Cordoba
1966,Rodriguez Diego,Rio-Cuarto,438,1872542,Cordoba
1967,Sanchez Maria,Alta-Gracia,854,206090,Cordoba
1968,Sanchez Lucia,Carlos-Paz,861,315075,Cordoba
1969,Gonzalez Sofia,Alta-Gracia,295,1643893,Cordoba
1970,Gonzalez Jose,Carlos-Paz,335,605535,Cordoba
1971,Sanchez Diego,Cordoba-Centro,711,1623506,Cordoba
1972,Garcia Jose,Rio-Cuarto,739,1659540,Cordoba
1973,Alvarez Carlos,San-Francisco,339,319870,Cordoba
1974,Garcia Maria,Cordoba-Centro,426,1273518,Cordoba
1975,Martinez Diego,Rio-Cuarto,928,392397,Cordoba
1976,Romero Juan,Rio-Cuarto,862,1814858,Cordoba
1977,Sanchez Elena,Alta-Gracia,762,1845002,Cordoba
1978,Alvarez Sofia,Rio-Cuarto,467,1024523,Cordoba
1979,Sanchez Jose,Villa-Maria,581,1624521,Cordoba
1980,Sanchez Jose,Cordoba-Centro,515,1170325,Cordoba
1981,Martinez Sofia,Rio-Cuarto,241,1727810,Cordoba
1982,Gonzalez Lucia,Villa-Maria,230,1591762,Cordoba
1983,Sanchez Sofia,Villa-Maria,774,1430712,Cordoba
1984,Sosa Sofia,Rio-Cuarto,926,1669941,Cordoba
1985,Alvarez Ana,Cordoba-Centro,612,319388,Cordoba
1986,Martinez Juan,Cordoba-Centro,458,1316099,Cordoba
1987,Perez Sofia,Carlos-Paz,659,183934,Cordoba
1988,Romero Juan,Rio-Cuarto,939,689653,Cordoba
1989,Sosa Sofia,Villa-Maria,767,512030,Cordoba
1990,Rodriguez Jose,Cordoba-Centro,551,691794,Cordoba
1991,Sosa Luis,Rio-Cuarto,457,1350534,Cordoba
1992,Martinez Sofia,Villa-Maria,434,1673812,Cordoba
1993,Romero Jose,Rio-Cuarto,756,194919,Cordoba
1994,Garcia Ana,Villa-Maria,427,1206608,Cordoba
1995,Lopez Carlos,Cordoba-Centro,670,1717987,Cordoba
1996,Sanchez Maria,Carlos-Paz,610,659530,Cordoba
1997,Perez Jose,Cordoba-Centro,806,1897485,Cordoba
1998,Rodriguez Jose,Villa-Maria,479,1895862,Cordoba
1999,Gonzalez Maria,Villa-Maria,734,538589,Cordoba
2000,Perez Juan,Alta-Gracia,620,1257059,Cordoba
